non moderated AmBe with Lead shielding (12*5mins measurement);;;moderated AmBe with Lead shielding (12*5mins measurement);;
Energy (keV);Intensity (non filter);Intensity (Gd filter);Energy (keV);Intensity (non filter);Intensity (Gd filter)
0;0;0;0;0;0
1;0;0;1;0;0
2;0;0;2;0;0
3;0;0;3;0;0
4;0;0;4;0;0
5;0;0;5;0;0
6;0;0;6;0;0
7;0;0;7;0;0
8;0;0;8;0;0
9;0;0;9;0;0
10;0;0;10;0;0
11;0;0;11;0;0
12;0;0;12;0;0
13;0;0;13;0;0
14;0;0;14;0;0
15;0;0;15;0;0
16;0;0;16;0;0
17;0;0;17;0;0
18;0;0;18;0;0
19;0;0;19;0;0
20;0;0;20;0;0
21;0;0;21;0;0
22;0;0;22;0;0
23;0;0;23;0;0
24;0;0;24;0;0
25;688.3627204;623.6734694;25;1328.36272;205.7142857
26;693.1989924;600.8163265;26;1210.680101;192.6530612
27;860.8564232;515.9183673;27;1197.783375;205.7142857
28;1044.634761;610.6122449;28;1236.473552;192.6530612
29;1057.531486;528.9795918;29;1212.292191;153.4693878
30;791.5365239;457.1428571;30;1215.516373;146.9387755
31;883.4256927;584.4897959;31;1254.206549;124.0816327
32;791.5365239;411.4285714;32;1360.604534;133.877551
33;694.8110831;336.3265306;33;1410.579345;156.7346939
34;648.0604534;329.7959184;34;1376.725441;107.755102
35;648.0604534;349.3877551;35;1475.062972;140.4081633
36;648.0604534;375.5102041;36;1447.657431;117.5510204
37;701.2594458;466.9387755;37;1563.72796;160
38;780.2518892;365.7142857;38;1605.642317;166.5306122
39;757.6826196;427.755102;39;1528.261965;173.0612245
40;835.0629723;421.2244898;40;1591.133501;248.1632653
41;739.9496222;473.4693878;41;1636.27204;163.2653061
42;810.8816121;414.6938776;42;1560.503778;329.7959184
43;865.6926952;528.9795918;43;1583.073048;411.4285714
44;893.0982368;532.244898;44;1515.365239;326.5306122
45;920.5037783;643.2653061;45;1454.105793;248.1632653
46;957.581864;1061.22449;46;1358.992443;202.4489796
47;1043.02267;1492.244898;47;1381.561713;205.7142857
48;1057.531486;1136.326531;48;1294.508816;205.7142857
49;1038.186398;535.5102041;49;1220.352645;251.4285714
50;1049.471033;411.4285714;50;1125.239295;169.7959184
51;1139.748111;457.1428571;51;1075.264484;130.6122449
52;1038.186398;666.122449;52;973.7027708;107.755102
53;1139.748111;679.1836735;53;838.2871537;101.2244898
54;1162.31738;519.1836735;54;794.7607053;101.2244898
55;1138.13602;365.7142857;55;786.7002519;81.63265306
56;1105.894207;222.0408163;56;640;101.2244898
57;1144.584383;362.4489796;57;477.1788413;104.4897959
58;1238.085642;320;58;388.5138539;84.89795918
59;1183.274559;290.6122449;59;317.581864;81.63265306
60;1263.879093;264.4897959;60;272.4433249;101.2244898
61;1236.473552;277.5510204;61;270.8312343;62.04081633
62;1278.387909;306.9387755;62;259.5465995;94.69387755
63;1197.783375;326.5306122;63;265.9949622;71.83673469
64;1141.360202;261.2244898;64;230.5289673;71.83673469
65;1273.551637;385.3061224;65;248.2619647;65.30612245
66;1273.551637;310.2040816;66;217.6322418;75.10204082
67;1273.551637;316.7346939;67;246.6498741;91.42857143
68;1238.085642;359.1836735;68;217.6322418;120.8163265
69;1271.939547;391.8367347;69;209.5717884;91.42857143
70;1262.267003;342.8571429;70;216.0201511;111.0204082
71;1236.473552;342.8571429;71;253.0982368;84.89795918
72;1289.672544;359.1836735;72;236.97733;91.42857143
73;1291.284635;388.5714286;73;277.279597;94.69387755
74;1259.042821;385.3061224;74;272.4433249;124.0816327
75;1262.267003;375.5102041;75;245.0377834;111.0204082
76;1242.921914;444.0816327;76;214.4080605;117.5510204
77;1178.438287;388.5714286;77;195.0629723;101.2244898
78;1223.576826;414.6938776;78;207.9596977;107.755102
79;1276.775819;427.755102;79;164.4332494;78.36734694
80;1147.808564;382.0408163;80;206.3476071;88.16326531
81;1149.420655;404.8979592;81;169.2695214;78.36734694
82;1225.188917;466.9387755;82;196.675063;97.95918367
83;1122.015113;411.4285714;83;182.1662469;62.04081633
84;1194.559194;391.8367347;84;203.1234257;127.3469388
85;1092.997481;411.4285714;85;180.5541562;75.10204082
86;1059.143577;372.244898;86;183.7783375;81.63265306
87;1046.246851;453.877551;87;161.209068;94.69387755
88;1062.367758;424.4897959;88;174.1057935;101.2244898
89;1036.574307;359.1836735;89;143.4760705;78.36734694
90;1043.02267;427.755102;90;140.2518892;130.6122449
91;1039.798489;388.5714286;91;157.9848866;101.2244898
92;951.1335013;483.2653061;92;162.8211587;101.2244898
93;1018.84131;424.4897959;93;137.0277078;68.57142857
94;901.1586902;382.0408163;94;146.7002519;68.57142857
95;947.9093199;388.5714286;95;119.2947103;91.42857143
96;939.8488665;417.9591837;96;161.209068;65.30612245
97;923.7279597;346.122449;97;116.070529;88.16326531
98;818.9420655;434.2857143;98;128.9672544;84.89795918
99;870.5289673;401.6326531;99;124.1309824;88.16326531
100;915.6675063;375.5102041;100;119.2947103;101.2244898
101;809.2695214;480;101;116.070529;75.10204082
102;786.7002519;336.3265306;102;135.4156171;81.63265306
103;828.6146096;417.9591837;103;109.6221662;88.16326531
104;852.7959698;401.6326531;104;112.8463476;62.04081633
105;791.5365239;444.0816327;105;127.3551637;81.63265306
106;715.768262;411.4285714;106;109.6221662;62.04081633
107;735.1133501;453.877551;107;114.4584383;62.04081633
108;714.1561713;395.1020408;108;95.11335013;42.44897959
109;675.465995;342.8571429;109;91.88916877;68.57142857
110;717.3803526;411.4285714;110;96.72544081;65.30612245
111;667.4055416;352.6530612;111;95.11335013;78.36734694
112;693.1989924;408.1632653;112;87.05289673;71.83673469
113;614.2065491;398.3673469;113;96.72544081;58.7755102
114;588.4130982;411.4285714;114;91.88916877;65.30612245
115;693.1989924;395.1020408;115;82.21662469;58.7755102
116;604.534005;333.0612245;116;83.82871537;55.51020408
117;559.395466;382.0408163;117;104.7858942;52.24489796
118;596.4735516;336.3265306;118;77.38035264;78.36734694
119;573.9042821;368.9795918;119;72.5440806;58.7755102
120;548.1108312;372.244898;120;56.4231738;68.57142857
121;554.559194;401.6326531;121;74.15617128;78.36734694
122;528.7657431;244.8979592;122;77.38035264;35.91836735
123;514.256927;404.8979592;123;87.05289673;75.10204082
124;533.6020151;297.1428571;124;74.15617128;52.24489796
125;565.8438287;300.4081633;125;62.87153652;62.04081633
126;493.2997481;382.0408163;126;62.87153652;58.7755102
127;494.9118388;300.4081633;127;78.99244332;52.24489796
128;438.488665;339.5918367;128;67.70780856;78.36734694
129;454.6095718;284.0816327;129;61.25944584;48.97959184
130;407.8589421;349.3877551;130;41.91435768;32.65306122
131;388.5138539;287.3469388;131;45.13853904;71.83673469
132;404.6347607;274.2857143;132;61.25944584;55.51020408
133;412.6952141;251.4285714;133;66.09571788;45.71428571
134;452.9974811;244.8979592;134;56.4231738;58.7755102
135;380.4534005;244.8979592;135;69.31989924;68.57142857
136;393.3501259;244.8979592;136;45.13853904;39.18367347
137;385.2896725;287.3469388;137;46.75062972;52.24489796
138;359.4962217;310.2040816;138;51.58690176;45.71428571
139;333.7027708;297.1428571;139;54.81108312;35.91836735
140;312.7455919;251.4285714;140;59.64735516;35.91836735
141;353.0478589;267.755102;141;48.3627204;68.57142857
142;383.6775819;300.4081633;142;41.91435768;55.51020408
143;354.6599496;251.4285714;143;61.25944584;35.91836735
144;314.3576826;208.9795918;144;53.19899244;52.24489796
145;327.2544081;202.4489796;145;45.13853904;48.97959184
146;277.279597;238.3673469;146;46.75062972;39.18367347
147;286.9521411;222.0408163;147;58.03526448;22.85714286
148;309.5214106;228.5714286;148;43.52644836;22.85714286
149;277.279597;257.9591837;149;45.13853904;26.12244898
150;296.6246851;163.2653061;150;37.07808564;32.65306122
151;259.5465995;228.5714286;151;38.69017632;32.65306122
152;259.5465995;182.8571429;152;37.07808564;22.85714286
153;222.4685139;238.3673469;153;35.46599496;35.91836735
154;246.6498741;166.5306122;154;37.07808564;26.12244898
155;249.8740554;156.7346939;155;35.46599496;39.18367347
156;251.4861461;189.3877551;156;41.91435768;16.32653061
157;249.8740554;228.5714286;157;24.1813602;22.85714286
158;236.97733;179.5918367;158;27.40554156;26.12244898
159;216.0201511;182.8571429;159;35.46599496;29.3877551
160;182.1662469;169.7959184;160;43.52644836;39.18367347
161;199.8992443;212.244898;161;38.69017632;29.3877551
162;191.8387909;114.2857143;162;30.62972292;26.12244898
163;238.5894207;160;163;30.62972292;32.65306122
164;183.7783375;195.9183673;164;24.1813602;19.59183673
165;217.6322418;192.6530612;165;33.85390428;29.3877551
166;175.7178841;199.1836735;166;27.40554156;22.85714286
167;206.3476071;153.4693878;167;22.56926952;16.32653061
168;195.0629723;189.3877551;168;19.34508816;39.18367347
169;164.4332494;176.3265306;169;19.34508816;19.59183673
170;209.5717884;127.3469388;170;30.62972292;26.12244898
171;207.9596977;208.9795918;171;30.62972292;32.65306122
172;174.1057935;218.7755102;172;32.2418136;26.12244898
173;182.1662469;150.2040816;173;33.85390428;19.59183673
174;156.372796;140.4081633;174;19.34508816;19.59183673
175;175.7178841;150.2040816;175;25.79345088;19.59183673
176;190.2267003;195.9183673;176;33.85390428;16.32653061
177;175.7178841;120.8163265;177;38.69017632;35.91836735
178;162.8211587;192.6530612;178;14.50881612;13.06122449
179;159.5969773;189.3877551;179;25.79345088;16.32653061
180;190.2267003;130.6122449;180;14.50881612;9.795918367
181;162.8211587;130.6122449;181;22.56926952;19.59183673
182;164.4332494;140.4081633;182;22.56926952;35.91836735
183;162.8211587;192.6530612;183;19.34508816;19.59183673
184;130.5793451;114.2857143;184;17.73299748;19.59183673
185;162.8211587;120.8163265;185;20.95717884;9.795918367
186;125.743073;140.4081633;186;16.1209068;16.32653061
187;146.7002519;133.877551;187;20.95717884;13.06122449
188;127.3551637;163.2653061;188;14.50881612;6.530612245
189;122.5188917;111.0204082;189;11.28463476;19.59183673
190;132.1914358;107.755102;190;37.07808564;19.59183673
191;153.1486146;91.42857143;191;24.1813602;22.85714286
192;109.6221662;130.6122449;192;20.95717884;9.795918367
193;114.4584383;62.04081633;193;19.34508816;19.59183673
194;112.8463476;107.755102;194;14.50881612;6.530612245
195;111.2342569;107.755102;195;33.85390428;13.06122449
196;91.88916877;143.6734694;196;22.56926952;6.530612245
197;124.1309824;88.16326531;197;22.56926952;29.3877551
198;109.6221662;68.57142857;198;4.83627204;26.12244898
199;85.44080605;88.16326531;199;12.89672544;9.795918367
200;127.3551637;75.10204082;200;14.50881612;16.32653061
201;91.88916877;75.10204082;201;16.1209068;13.06122449
202;93.50125945;137.1428571;202;19.34508816;6.530612245
203;82.21662469;88.16326531;203;11.28463476;19.59183673
204;87.05289673;58.7755102;204;14.50881612;9.795918367
205;98.33753149;94.69387755;205;17.73299748;13.06122449
206;95.11335013;94.69387755;206;12.89672544;16.32653061
207;87.05289673;62.04081633;207;14.50881612;26.12244898
208;75.76826196;94.69387755;208;14.50881612;9.795918367
209;77.38035264;65.30612245;209;6.44836272;3.265306122
210;66.09571788;81.63265306;210;16.1209068;16.32653061
211;83.82871537;84.89795918;211;17.73299748;29.3877551
212;66.09571788;58.7755102;212;6.44836272;19.59183673
213;78.99244332;101.2244898;213;22.56926952;16.32653061
214;88.66498741;65.30612245;214;11.28463476;13.06122449
215;87.05289673;94.69387755;215;14.50881612;19.59183673
216;64.4836272;58.7755102;216;17.73299748;6.530612245
217;80.60453401;78.36734694;217;12.89672544;6.530612245
218;66.09571788;48.97959184;218;4.83627204;9.795918367
219;33.85390428;75.10204082;219;20.95717884;16.32653061
220;59.64735516;104.4897959;220;6.44836272;6.530612245
221;59.64735516;65.30612245;221;3.22418136;6.530612245
222;69.31989924;45.71428571;222;6.44836272;0
223;67.70780856;62.04081633;223;14.50881612;9.795918367
224;62.87153652;45.71428571;224;14.50881612;6.530612245
225;54.81108312;45.71428571;225;8.060453401;16.32653061
226;61.25944584;55.51020408;226;11.28463476;13.06122449
227;62.87153652;52.24489796;227;11.28463476;0
228;64.4836272;91.42857143;228;9.672544081;6.530612245
229;59.64735516;52.24489796;229;8.060453401;9.795918367
230;46.75062972;52.24489796;230;8.060453401;19.59183673
231;66.09571788;55.51020408;231;4.83627204;19.59183673
232;46.75062972;58.7755102;232;9.672544081;6.530612245
233;70.93198992;39.18367347;233;8.060453401;6.530612245
234;69.31989924;62.04081633;234;8.060453401;9.795918367
235;41.91435768;35.91836735;235;4.83627204;6.530612245
236;48.3627204;52.24489796;236;6.44836272;3.265306122
237;48.3627204;35.91836735;237;3.22418136;6.530612245
238;48.3627204;48.97959184;238;6.44836272;3.265306122
239;38.69017632;58.7755102;239;8.060453401;13.06122449
240;48.3627204;55.51020408;240;3.22418136;9.795918367
241;51.58690176;45.71428571;241;11.28463476;9.795918367
242;53.19899244;55.51020408;242;1.61209068;9.795918367
243;51.58690176;52.24489796;243;1.61209068;9.795918367
244;40.302267;29.3877551;244;6.44836272;9.795918367
245;48.3627204;42.44897959;245;1.61209068;3.265306122
246;51.58690176;39.18367347;246;6.44836272;3.265306122
247;40.302267;45.71428571;247;0;9.795918367
248;51.58690176;32.65306122;248;8.060453401;3.265306122
249;38.69017632;32.65306122;249;6.44836272;3.265306122
250;48.3627204;39.18367347;250;8.060453401;9.795918367
251;32.2418136;48.97959184;251;6.44836272;3.265306122
252;38.69017632;29.3877551;252;6.44836272;6.530612245
253;48.3627204;48.97959184;253;0;13.06122449
254;38.69017632;39.18367347;254;6.44836272;9.795918367
255;43.52644836;32.65306122;255;0;13.06122449
256;25.79345088;45.71428571;256;11.28463476;9.795918367
257;46.75062972;32.65306122;257;3.22418136;3.265306122
258;29.01763224;32.65306122;258;6.44836272;3.265306122
259;40.302267;29.3877551;259;4.83627204;16.32653061
260;20.95717884;45.71428571;260;11.28463476;3.265306122
261;46.75062972;48.97959184;261;1.61209068;3.265306122
262;30.62972292;45.71428571;262;8.060453401;0
263;46.75062972;29.3877551;263;11.28463476;0
264;19.34508816;39.18367347;264;1.61209068;3.265306122
265;27.40554156;29.3877551;265;4.83627204;6.530612245
266;35.46599496;26.12244898;266;3.22418136;9.795918367
267;45.13853904;32.65306122;267;3.22418136;0
268;24.1813602;22.85714286;268;3.22418136;6.530612245
269;35.46599496;32.65306122;269;4.83627204;6.530612245
270;35.46599496;22.85714286;270;4.83627204;13.06122449
271;25.79345088;16.32653061;271;4.83627204;0
272;27.40554156;32.65306122;272;3.22418136;16.32653061
273;48.3627204;32.65306122;273;4.83627204;3.265306122
274;22.56926952;26.12244898;274;3.22418136;0
275;25.79345088;13.06122449;275;3.22418136;0
276;38.69017632;35.91836735;276;1.61209068;3.265306122
277;29.01763224;29.3877551;277;3.22418136;3.265306122
278;25.79345088;32.65306122;278;0;3.265306122
279;33.85390428;26.12244898;279;3.22418136;3.265306122
280;24.1813602;32.65306122;280;3.22418136;3.265306122
281;19.34508816;26.12244898;281;6.44836272;0
282;16.1209068;35.91836735;282;3.22418136;3.265306122
283;29.01763224;42.44897959;283;3.22418136;3.265306122
284;29.01763224;16.32653061;284;1.61209068;0
285;22.56926952;35.91836735;285;3.22418136;3.265306122
286;14.50881612;32.65306122;286;0;0
287;16.1209068;19.59183673;287;8.060453401;3.265306122
288;32.2418136;19.59183673;288;8.060453401;0
289;32.2418136;29.3877551;289;4.83627204;3.265306122
290;35.46599496;26.12244898;290;6.44836272;3.265306122
291;27.40554156;35.91836735;291;1.61209068;0
292;22.56926952;39.18367347;292;3.22418136;0
293;17.73299748;26.12244898;293;4.83627204;3.265306122
294;30.62972292;19.59183673;294;1.61209068;3.265306122
295;25.79345088;26.12244898;295;3.22418136;13.06122449
296;25.79345088;22.85714286;296;0;0
297;29.01763224;35.91836735;297;0;0
298;25.79345088;22.85714286;298;1.61209068;3.265306122
299;27.40554156;16.32653061;299;0;13.06122449
300;19.34508816;26.12244898;300;3.22418136;0
301;12.89672544;22.85714286;301;1.61209068;6.530612245
302;16.1209068;32.65306122;302;4.83627204;0
303;20.95717884;22.85714286;303;6.44836272;0
304;22.56926952;35.91836735;304;1.61209068;3.265306122
305;20.95717884;22.85714286;305;3.22418136;0
306;22.56926952;29.3877551;306;0;3.265306122
307;19.34508816;26.12244898;307;3.22418136;3.265306122
308;24.1813602;26.12244898;308;0;6.530612245
309;19.34508816;19.59183673;309;0;6.530612245
310;19.34508816;19.59183673;310;1.61209068;0
311;17.73299748;9.795918367;311;1.61209068;0
312;12.89672544;16.32653061;312;3.22418136;3.265306122
313;17.73299748;13.06122449;313;1.61209068;6.530612245
314;14.50881612;26.12244898;314;3.22418136;0
315;19.34508816;22.85714286;315;1.61209068;3.265306122
316;11.28463476;9.795918367;316;4.83627204;6.530612245
317;12.89672544;22.85714286;317;1.61209068;0
318;11.28463476;19.59183673;318;0;3.265306122
319;11.28463476;9.795918367;319;1.61209068;0
320;6.44836272;6.530612245;320;1.61209068;0
321;19.34508816;9.795918367;321;1.61209068;0
322;16.1209068;6.530612245;322;3.22418136;3.265306122
323;8.060453401;13.06122449;323;4.83627204;3.265306122
324;16.1209068;16.32653061;324;3.22418136;3.265306122
325;8.060453401;19.59183673;325;0;3.265306122
326;12.89672544;9.795918367;326;4.83627204;0
327;9.672544081;22.85714286;327;3.22418136;3.265306122
328;6.44836272;3.265306122;328;3.22418136;3.265306122
329;6.44836272;3.265306122;329;0;0
330;8.060453401;16.32653061;330;1.61209068;3.265306122
331;9.672544081;19.59183673;331;1.61209068;0
332;11.28463476;3.265306122;332;1.61209068;3.265306122
333;16.1209068;13.06122449;333;0;6.530612245
334;8.060453401;6.530612245;334;0;3.265306122
335;14.50881612;13.06122449;335;1.61209068;0
336;6.44836272;3.265306122;336;4.83627204;3.265306122
337;14.50881612;13.06122449;337;3.22418136;0
338;12.89672544;6.530612245;338;1.61209068;3.265306122
339;17.73299748;6.530612245;339;3.22418136;3.265306122
340;9.672544081;13.06122449;340;4.83627204;6.530612245
341;9.672544081;9.795918367;341;0;6.530612245
342;11.28463476;16.32653061;342;0;3.265306122
343;17.73299748;9.795918367;343;3.22418136;0
344;8.060453401;13.06122449;344;1.61209068;6.530612245
345;3.22418136;3.265306122;345;1.61209068;3.265306122
346;8.060453401;6.530612245;346;0;0
347;8.060453401;9.795918367;347;0;3.265306122
348;9.672544081;13.06122449;348;1.61209068;0
349;8.060453401;0;349;1.61209068;0
350;6.44836272;3.265306122;350;0;6.530612245
351;8.060453401;6.530612245;351;1.61209068;3.265306122
352;3.22418136;9.795918367;352;0;0
353;4.83627204;9.795918367;353;3.22418136;3.265306122
354;11.28463476;6.530612245;354;0;0
355;12.89672544;6.530612245;355;1.61209068;3.265306122
356;0;3.265306122;356;0;0
357;4.83627204;3.265306122;357;0;0
358;9.672544081;6.530612245;358;1.61209068;0
359;8.060453401;6.530612245;359;0;0
360;4.83627204;0;360;0;0
361;4.83627204;9.795918367;361;0;0
362;4.83627204;6.530612245;362;1.61209068;0
363;4.83627204;6.530612245;363;0;0
364;6.44836272;6.530612245;364;0;0
365;3.22418136;16.32653061;365;1.61209068;0
366;4.83627204;6.530612245;366;0;0
367;4.83627204;6.530612245;367;3.22418136;0
368;3.22418136;3.265306122;368;3.22418136;0
369;6.44836272;9.795918367;369;1.61209068;0
370;9.672544081;9.795918367;370;1.61209068;0
371;8.060453401;3.265306122;371;0;0
372;4.83627204;3.265306122;372;1.61209068;0
373;4.83627204;3.265306122;373;1.61209068;0
374;4.83627204;6.530612245;374;0;3.265306122
375;1.61209068;6.530612245;375;0;0
376;3.22418136;16.32653061;376;0;0
377;3.22418136;6.530612245;377;0;0
378;4.83627204;0;378;1.61209068;0
379;4.83627204;3.265306122;379;0;0
380;8.060453401;0;380;1.61209068;3.265306122
381;8.060453401;6.530612245;381;0;0
382;4.83627204;3.265306122;382;1.61209068;0
383;4.83627204;0;383;1.61209068;3.265306122
384;8.060453401;3.265306122;384;6.44836272;0
385;9.672544081;6.530612245;385;0;0
386;4.83627204;6.530612245;386;0;3.265306122
387;9.672544081;9.795918367;387;0;3.265306122
388;8.060453401;3.265306122;388;0;0
389;4.83627204;13.06122449;389;0;0
390;11.28463476;3.265306122;390;1.61209068;0
391;4.83627204;16.32653061;391;0;0
392;3.22418136;6.530612245;392;4.83627204;0
393;4.83627204;0;393;1.61209068;0
394;3.22418136;0;394;0;3.265306122
395;3.22418136;3.265306122;395;1.61209068;0
396;9.672544081;6.530612245;396;1.61209068;0
397;0;9.795918367;397;1.61209068;0
398;6.44836272;3.265306122;398;1.61209068;0
399;1.61209068;3.265306122;399;0;0
400;4.83627204;3.265306122;400;3.22418136;0
401;4.83627204;3.265306122;401;1.61209068;0
402;4.83627204;3.265306122;402;1.61209068;0
403;8.060453401;0;403;1.61209068;3.265306122
404;6.44836272;3.265306122;404;3.22418136;0
405;4.83627204;0;405;1.61209068;0
406;4.83627204;3.265306122;406;3.22418136;3.265306122
407;6.44836272;3.265306122;407;0;0
408;1.61209068;0;408;0;0
409;4.83627204;0;409;0;0
410;3.22418136;6.530612245;410;0;3.265306122
411;1.61209068;3.265306122;411;0;0
412;3.22418136;3.265306122;412;3.22418136;0
413;4.83627204;6.530612245;413;0;0
414;6.44836272;6.530612245;414;0;0
415;3.22418136;9.795918367;415;3.22418136;0
416;3.22418136;3.265306122;416;0;0
417;8.060453401;3.265306122;417;0;0
418;4.83627204;0;418;1.61209068;0
419;1.61209068;0;419;3.22418136;0
420;6.44836272;0;420;0;0
421;0;3.265306122;421;0;0
422;3.22418136;3.265306122;422;1.61209068;3.265306122
423;3.22418136;6.530612245;423;1.61209068;3.265306122
424;0;0;424;0;0
425;3.22418136;3.265306122;425;3.22418136;0
426;4.83627204;0;426;0;3.265306122
427;0;6.530612245;427;0;0
428;9.672544081;0;428;0;0
429;3.22418136;3.265306122;429;0;0
430;1.61209068;3.265306122;430;0;3.265306122
431;1.61209068;0;431;3.22418136;0
432;1.61209068;0;432;0;0
433;6.44836272;0;433;0;0
434;3.22418136;0;434;0;3.265306122
435;4.83627204;0;435;0;0
436;6.44836272;0;436;0;0
437;1.61209068;3.265306122;437;0;3.265306122
438;4.83627204;6.530612245;438;0;0
439;3.22418136;3.265306122;439;0;3.265306122
440;1.61209068;6.530612245;440;0;0
441;1.61209068;3.265306122;441;0;3.265306122
442;1.61209068;0;442;0;0
443;4.83627204;3.265306122;443;1.61209068;3.265306122
444;0;0;444;0;0
445;1.61209068;3.265306122;445;0;0
446;6.44836272;3.265306122;446;1.61209068;3.265306122
447;1.61209068;0;447;0;0
448;3.22418136;3.265306122;448;0;0
449;4.83627204;3.265306122;449;1.61209068;0
450;9.672544081;0;450;0;0
451;4.83627204;9.795918367;451;0;0
452;6.44836272;3.265306122;452;0;3.265306122
453;4.83627204;3.265306122;453;0;3.265306122
454;4.83627204;6.530612245;454;0;0
455;4.83627204;0;455;0;3.265306122
456;0;3.265306122;456;0;0
457;4.83627204;6.530612245;457;0;0
458;8.060453401;3.265306122;458;0;3.265306122
459;11.28463476;3.265306122;459;1.61209068;0
460;4.83627204;3.265306122;460;1.61209068;0
461;3.22418136;6.530612245;461;0;0
462;4.83627204;6.530612245;462;1.61209068;0
463;0;16.32653061;463;0;0
464;12.89672544;6.530612245;464;0;0
465;9.672544081;13.06122449;465;0;0
466;11.28463476;6.530612245;466;0;0
467;3.22418136;13.06122449;467;0;0
468;6.44836272;9.795918367;468;0;3.265306122
469;11.28463476;9.795918367;469;3.22418136;0
470;12.89672544;6.530612245;470;1.61209068;0
471;11.28463476;0;471;0;0
472;11.28463476;6.530612245;472;0;0
473;3.22418136;6.530612245;473;0;0
474;4.83627204;6.530612245;474;0;0
475;3.22418136;0;475;0;0
476;1.61209068;3.265306122;476;0;0
477;1.61209068;0;477;0;0
478;3.22418136;3.265306122;478;0;6.530612245
479;3.22418136;3.265306122;479;0;0
480;0;0;480;1.61209068;0
481;0;0;481;0;0
482;1.61209068;3.265306122;482;0;0
483;0;3.265306122;483;0;0
484;1.61209068;3.265306122;484;0;0
485;1.61209068;0;485;0;0
486;1.61209068;3.265306122;486;0;0
487;8.060453401;3.265306122;487;0;0
488;3.22418136;6.530612245;488;1.61209068;3.265306122
489;3.22418136;0;489;1.61209068;0
490;3.22418136;3.265306122;490;0;0
491;1.61209068;0;491;0;0
492;1.61209068;0;492;1.61209068;0
493;3.22418136;0;493;0;0
494;0;3.265306122;494;0;0
495;3.22418136;0;495;0;0
496;0;0;496;1.61209068;0
497;3.22418136;0;497;1.61209068;0
498;1.61209068;0;498;1.61209068;0
499;1.61209068;3.265306122;499;0;3.265306122
500;4.83627204;0;500;0;0
501;1.61209068;3.265306122;501;0;0
502;6.44836272;0;502;0;0
503;3.22418136;3.265306122;503;0;0
504;1.61209068;0;504;0;0
505;0;3.265306122;505;0;0
506;0;3.265306122;506;0;0
507;1.61209068;3.265306122;507;1.61209068;0
508;1.61209068;0;508;0;0
509;0;3.265306122;509;0;0
510;1.61209068;0;510;0;0
511;0;0;511;0;0
512;3.22418136;0;512;0;0
513;0;0;513;0;0
514;0;0;514;0;0
515;0;0;515;1.61209068;0
516;1.61209068;0;516;0;0
517;0;6.530612245;517;1.61209068;0
518;0;0;518;0;0
519;0;0;519;0;0
520;0;0;520;0;0
521;1.61209068;3.265306122;521;0;0
522;1.61209068;0;522;0;0
523;1.61209068;0;523;0;3.265306122
524;1.61209068;0;524;0;0
525;0;3.265306122;525;0;0
526;0;0;526;1.61209068;0
527;0;3.265306122;527;0;0
528;1.61209068;0;528;0;0
529;0;0;529;1.61209068;6.530612245
530;1.61209068;0;530;0;0
531;1.61209068;0;531;0;0
532;3.22418136;0;532;0;3.265306122
533;1.61209068;0;533;0;0
534;0;0;534;1.61209068;0
535;1.61209068;0;535;1.61209068;0
536;1.61209068;9.795918367;536;3.22418136;0
537;0;0;537;0;0
538;0;0;538;0;0
539;0;0;539;0;0
540;0;3.265306122;540;0;0
541;0;0;541;0;0
542;0;0;542;1.61209068;0
543;0;0;543;0;0
544;0;0;544;0;0
545;1.61209068;0;545;0;0
546;0;0;546;3.22418136;0
547;1.61209068;3.265306122;547;0;0
548;1.61209068;0;548;1.61209068;0
549;0;0;549;0;0
550;0;0;550;0;0
551;1.61209068;0;551;0;0
552;0;3.265306122;552;0;0
553;0;0;553;0;0
554;0;0;554;0;0
555;0;0;555;0;0
556;3.22418136;0;556;0;0
557;0;0;557;0;0
558;0;0;558;0;0
559;0;3.265306122;559;0;0
560;1.61209068;0;560;0;0
561;0;0;561;0;0
562;1.61209068;0;562;0;0
563;1.61209068;0;563;1.61209068;0
564;0;0;564;0;0
565;1.61209068;0;565;0;0
566;3.22418136;0;566;0;0
567;0;0;567;1.61209068;0
568;4.83627204;0;568;0;0
569;0;0;569;0;0
570;0;6.530612245;570;0;0
571;1.61209068;0;571;0;0
572;0;6.530612245;572;0;0
573;3.22418136;0;573;0;0
574;0;0;574;0;0
575;0;0;575;0;0
576;0;0;576;0;0
577;3.22418136;0;577;0;0
578;0;0;578;0;0
579;1.61209068;3.265306122;579;1.61209068;0
580;1.61209068;0;580;0;0
581;1.61209068;0;581;0;0
582;0;3.265306122;582;0;0
583;0;3.265306122;583;0;0
584;0;0;584;0;0
585;0;0;585;0;3.265306122
586;0;0;586;1.61209068;0
587;0;0;587;0;0
588;0;3.265306122;588;0;0
589;0;0;589;0;0
590;0;0;590;0;0
591;1.61209068;0;591;0;0
592;0;0;592;0;0
593;0;0;593;0;0
594;0;0;594;1.61209068;0
595;3.22418136;0;595;0;0
596;0;0;596;0;0
597;0;0;597;0;0
598;0;0;598;0;3.265306122
599;1.61209068;0;599;0;0
600;0;3.265306122;600;0;0
601;1.61209068;3.265306122;601;0;0
602;0;0;602;0;0
603;0;0;603;0;0
604;1.61209068;0;604;0;0
605;1.61209068;3.265306122;605;0;0
606;0;3.265306122;606;0;0
607;0;0;607;0;0
608;0;3.265306122;608;0;0
609;0;0;609;0;0
610;1.61209068;0;610;0;0
611;0;0;611;1.61209068;0
612;0;0;612;0;0
613;0;3.265306122;613;0;0
614;0;0;614;3.22418136;0
615;3.22418136;3.265306122;615;0;0
616;0;0;616;0;0
617;0;0;617;0;0
618;1.61209068;0;618;0;0
619;0;0;619;0;0
620;1.61209068;3.265306122;620;1.61209068;0
621;1.61209068;0;621;1.61209068;0
622;0;0;622;0;0
623;0;0;623;0;0
624;0;0;624;0;0
625;0;0;625;0;0
626;0;0;626;0;0
627;0;0;627;0;0
628;1.61209068;0;628;0;0
629;0;0;629;0;0
630;3.22418136;0;630;0;0
631;0;3.265306122;631;0;0
632;0;0;632;0;0
633;1.61209068;0;633;1.61209068;0
634;0;0;634;0;0
635;1.61209068;0;635;0;0
636;0;0;636;0;0
637;1.61209068;0;637;0;0
638;1.61209068;0;638;0;0
639;0;0;639;0;0
640;1.61209068;0;640;0;0
641;1.61209068;0;641;0;0
642;0;3.265306122;642;0;3.265306122
643;1.61209068;3.265306122;643;0;3.265306122
644;0;0;644;1.61209068;0
645;0;0;645;0;0
646;0;0;646;0;0
647;1.61209068;0;647;0;0
648;4.83627204;0;648;0;0
649;0;0;649;0;0
650;0;3.265306122;650;0;0
651;0;0;651;0;0
652;3.22418136;0;652;0;0
653;0;0;653;0;0
654;0;3.265306122;654;0;0
655;0;0;655;0;0
656;3.22418136;3.265306122;656;0;0
657;1.61209068;0;657;0;0
658;1.61209068;6.530612245;658;0;0
659;0;3.265306122;659;0;0
660;0;3.265306122;660;0;0
661;1.61209068;3.265306122;661;0;0
662;0;0;662;0;3.265306122
663;1.61209068;0;663;0;0
664;0;0;664;1.61209068;0
665;0;0;665;0;0
666;0;6.530612245;666;0;0
667;0;0;667;0;0
668;0;0;668;0;0
669;0;0;669;0;0
670;0;0;670;0;0
671;0;0;671;0;0
672;0;0;672;0;0
673;0;0;673;0;0
674;0;0;674;0;0
675;0;0;675;0;0
676;0;0;676;0;0
677;0;0;677;0;0
678;0;0;678;0;0
679;0;0;679;0;0
680;0;0;680;0;0
681;0;0;681;0;0
682;0;0;682;0;0
683;0;0;683;0;0
684;0;0;684;0;0
685;0;0;685;0;0
686;0;0;686;0;0
687;0;0;687;0;0
688;0;0;688;0;0
689;0;0;689;0;0
690;0;0;690;0;0
691;0;0;691;0;0
692;0;0;692;0;0
693;0;0;693;0;0
694;0;0;694;0;0
695;0;0;695;0;0
696;0;0;696;0;0
697;0;0;697;0;0
698;0;0;698;0;0
699;0;0;699;0;0